<?xml version="1.0" encoding="UTF-8"?>
<!DOCTYPE suite SYSTEM "https://testng.org/testng-1.0.dtd">
<suite name="Failed suite [Suite]" guice-stage="DEVELOPMENT" verbose="0">
  <listeners>
    <listener class-name="extentlisteners.Listeners"/>
  </listeners>
  <test thread-count="5" name="Test(failed)" verbose="0">
    <classes>
      <class name="testcases.RegisteredUser_Pickup_Future_Ordering_ByCash">
        <methods>
          <include name="ValidateRegisteredUser_Pickup_Future_Ordering_ByCash"/>
          <include name="closeBrowser"/>
          <include name="createObject"/>
          <include name="teardown"/>
          <include name="waits"/>
        </methods>
      </class> <!-- testcases.RegisteredUser_Pickup_Future_Ordering_ByCash -->
      <class name="testcases.RegisteredUserDelivery_ByCard">
        <methods>
          <include name="closeBrowser"/>
          <include name="ValidateRegisteredUserDelivery_ByCard"/>
          <include name="createObject"/>
          <include name="teardown"/>
          <include name="waits"/>
        </methods>
      </class> <!-- testcases.RegisteredUserDelivery_ByCard -->
      <class name="testcases.MA_PaymentDetails">
        <methods>
          <include name="closeBrowser"/>
          <include name="createObject"/>
          <include name="teardown"/>
          <include name="Click_PaymentDetails"/>
          <include name="waits"/>
        </methods>
      </class> <!-- testcases.MA_PaymentDetails -->
      <class name="testcases.ValidatePlusAndMinusInCartPage">
        <methods>
          <include name="closeBrowser"/>
          <include name="createObject"/>
          <include name="teardown"/>
          <include name="waits"/>
          <include name="ValidatePlusAndMinusInCartPageTest"/>
        </methods>
      </class> <!-- testcases.ValidatePlusAndMinusInCartPage -->
      <class name="testcases.MA_PreviousOrder">
        <methods>
          <include name="closeBrowser"/>
          <include name="createObject"/>
          <include name="teardown"/>
          <include name="ClickPreviousOrder"/>
          <include name="waits"/>
        </methods>
      </class> <!-- testcases.MA_PreviousOrder -->
      <class name="testcases.MA_SavedAddesses">
        <methods>
          <include name="closeBrowser"/>
          <include name="createObject"/>
          <include name="teardown"/>
          <include name="waits"/>
          <include name="ClicksavedAddesses"/>
        </methods>
      </class> <!-- testcases.MA_SavedAddesses -->
      <class name="testcases.RegisteredUser_Delivery_AddMoreFood_Button">
        <methods>
          <include name="closeBrowser"/>
          <include name="createObject"/>
          <include name="teardown"/>
          <include name="waits"/>
          <include name="Validate_RegisteredUser_Delivery_AddMoreFood_Button"/>
        </methods>
      </class> <!-- testcases.RegisteredUser_Delivery_AddMoreFood_Button -->
      <class name="testcases.GuestUserPickupStoreSelection">
        <methods>
          <include name="closeBrowser"/>
          <include name="createObject"/>
          <include name="teardown"/>
          <include name="waits"/>
          <include name="ValidateGuestUserPickupStoreSelection"/>
        </methods>
      </class> <!-- testcases.GuestUserPickupStoreSelection -->
      <class name="testcases.RegisteredUser_Delivery_Future_Ordering_ByCard">
        <methods>
          <include name="closeBrowser"/>
          <include name="createObject"/>
          <include name="ValidateRegisteredUser_Delivery_Future_Ordering_ByCard"/>
          <include name="teardown"/>
          <include name="waits"/>
        </methods>
      </class> <!-- testcases.RegisteredUser_Delivery_Future_Ordering_ByCard -->
      <class name="testcases.RegisteredUser_Pickup_Future_Ordering_ByCard">
        <methods>
          <include name="closeBrowser"/>
          <include name="createObject"/>
          <include name="teardown"/>
          <include name="waits"/>
          <include name="ValidateRegisteredUser_Pickup_Future_Ordering_ByCard"/>
        </methods>
      </class> <!-- testcases.RegisteredUser_Pickup_Future_Ordering_ByCard -->
      <class name="testcases.GuestUser_Pickup_AddMoreFood_Button">
        <methods>
          <include name="closeBrowser"/>
          <include name="createObject"/>
          <include name="teardown"/>
          <include name="waits"/>
          <include name="ValidateGuestUser_Pickup_AddMoreFood_Button"/>
        </methods>
      </class> <!-- testcases.GuestUser_Pickup_AddMoreFood_Button -->
      <class name="testcases.RegisteredUserPickup_ByCard">
        <methods>
          <include name="closeBrowser"/>
          <include name="ValidateRegisteredUserPickup_ByCard"/>
          <include name="createObject"/>
          <include name="teardown"/>
          <include name="waits"/>
        </methods>
      </class> <!-- testcases.RegisteredUserPickup_ByCard -->
      <class name="testcases.MA_ResetPswd">
        <methods>
          <include name="closeBrowser"/>
          <include name="createObject"/>
          <include name="teardown"/>
          <include name="Click_ResetPswd"/>
          <include name="waits"/>
        </methods>
      </class> <!-- testcases.MA_ResetPswd -->
      <class name="testcases.RegisteredUser_Delivery_Future_Ordering_ByCash">
        <methods>
          <include name="closeBrowser"/>
          <include name="createObject"/>
          <include name="teardown"/>
          <include name="ValidateRegisteredUser_Delivery_Future_Ordering_ByCash"/>
          <include name="waits"/>
        </methods>
      </class> <!-- testcases.RegisteredUser_Delivery_Future_Ordering_ByCash -->
      <class name="testcases.Guest_User_PickUp_Future_Ordering_ByCard">
        <methods>
          <include name="Validate_Guest_User_PickUp_Future_Ordering_ByCard"/>
          <include name="closeBrowser"/>
          <include name="createObject"/>
          <include name="teardown"/>
          <include name="waits"/>
        </methods>
      </class> <!-- testcases.Guest_User_PickUp_Future_Ordering_ByCard -->
      <class name="testcases.MA_ValidateSignout">
        <methods>
          <include name="ValidateSignout"/>
          <include name="closeBrowser"/>
          <include name="createObject"/>
          <include name="teardown"/>
          <include name="waits"/>
        </methods>
      </class> <!-- testcases.MA_ValidateSignout -->
      <class name="testcases.Guest_User_PickUp_Future_Ordering_ByCash">
        <methods>
          <include name="closeBrowser"/>
          <include name="createObject"/>
          <include name="teardown"/>
          <include name="Validate_Guest_User_PickUp_Future_Ordering_ByCash"/>
          <include name="waits"/>
        </methods>
      </class> <!-- testcases.Guest_User_PickUp_Future_Ordering_ByCash -->
      <class name="testcases.ValidatePlusAndMinus_ByRegisteredUser">
        <methods>
          <include name="closeBrowser"/>
          <include name="createObject"/>
          <include name="teardown"/>
          <include name="ValidatePlusAndMinusInCartPageTest"/>
          <include name="waits"/>
        </methods>
      </class> <!-- testcases.ValidatePlusAndMinus_ByRegisteredUser -->
      <class name="testcases.ValidateCheckout">
        <methods>
          <include name="closeBrowser"/>
          <include name="createObject"/>
          <include name="teardown"/>
          <include name="waits"/>
          <include name="ValidateCheckoutTest"/>
        </methods>
      </class> <!-- testcases.ValidateCheckout -->
      <class name="testcases.MA_SavedContactDetails">
        <methods>
          <include name="Click_SavedContactDetails"/>
          <include name="closeBrowser"/>
          <include name="createObject"/>
          <include name="teardown"/>
          <include name="waits"/>
        </methods>
      </class> <!-- testcases.MA_SavedContactDetails -->
      <class name="testcases.RegisteredUserDelivery_ByCash">
        <methods>
          <include name="closeBrowser"/>
          <include name="createObject"/>
          <include name="teardown"/>
          <include name="waits"/>
          <include name="ValidateRegisteredUserDelivery_ByCash"/>
        </methods>
      </class> <!-- testcases.RegisteredUserDelivery_ByCash -->
      <class name="testcases.GuestUserPickup_ByCash">
        <methods>
          <include name="ValidateGuestUserPickup_ByCash"/>
          <include name="closeBrowser"/>
          <include name="createObject"/>
          <include name="teardown"/>
          <include name="waits"/>
        </methods>
      </class> <!-- testcases.GuestUserPickup_ByCash -->
      <class name="testcases.MA_DeleteAccount">
        <methods>
          <include name="closeBrowser"/>
          <include name="createObject"/>
          <include name="ClickDeleteAccount"/>
          <include name="teardown"/>
          <include name="waits"/>
        </methods>
      </class> <!-- testcases.MA_DeleteAccount -->
      <class name="testcases.RegisteredUser_Pickup_AddMoreFood_Button">
        <methods>
          <include name="closeBrowser"/>
          <include name="createObject"/>
          <include name="ValidateRegisteredUser_Pickup_AddMoreFood_Button"/>
          <include name="teardown"/>
          <include name="waits"/>
        </methods>
      </class> <!-- testcases.RegisteredUser_Pickup_AddMoreFood_Button -->
      <class name="testcases.RegisteredUserPickupStoreSelection">
        <methods>
          <include name="closeBrowser"/>
          <include name="createObject"/>
          <include name="ValidateRegisteredUserPickupStoreSelection"/>
          <include name="teardown"/>
          <include name="waits"/>
        </methods>
      </class> <!-- testcases.RegisteredUserPickupStoreSelection -->
      <class name="testcases.RegisteredUserPickup_ByCash">
        <methods>
          <include name="closeBrowser"/>
          <include name="createObject"/>
          <include name="teardown"/>
          <include name="waits"/>
          <include name="ValidateRegisteredUserPickup_ByCash"/>
        </methods>
      </class> <!-- testcases.RegisteredUserPickup_ByCash -->
      <class name="testcases.GuestUserPickup_ByCard">
        <methods>
          <include name="closeBrowser"/>
          <include name="createObject"/>
          <include name="teardown"/>
          <include name="waits"/>
          <include name="ValidateGuestUserPickup_ByCard"/>
        </methods>
      </class> <!-- testcases.GuestUserPickup_ByCard -->
    </classes>
  </test> <!-- Test(failed) -->
</suite> <!-- Failed suite [Suite] -->
